<?xml version="1.0" encoding="UTF-8"?>
<beans xmlns="http://www.springframework.org/schema/beans"
	xmlns:xsi="http://www.w3.org/2001/XMLSchema-instance"
	xmlns:mvc="http://www.springframework.org/schema/mvc"
	xmlns:context="http://www.springframework.org/schema/context"
	xsi:schemaLocation="http://www.springframework.org/schema/beans http://www.springframework.org/schema/beans/spring-beans-3.0.xsd
		http://www.springframework.org/schema/mvc http://www.springframework.org/schema/mvc/spring-mvc-3.0.xsd	
		http://www.springframework.org/schema/context http://www.springframework.org/schema/context/spring-context-3.0.xsd">

	<!-- Scans within the base package of the application for @Components to configure as beans -->
	<context:component-scan base-package="org.springframework.social.showcase" />
	
	<bean class="org.springframework.social.connect.web.ConnectController">
		<constructor-arg value="${application.url}" />
		<property name="interceptors">
			<list>
				<bean class="org.springframework.social.showcase.facebook.PostToWallAfterConnectInterceptor" />
				<bean class="org.springframework.social.showcase.twitter.TweetAfterConnectInterceptor" />
			</list>
		</property>
	</bean>
	
	<bean class="org.springframework.social.connect.signin.web.ProviderSignInController">
		<constructor-arg value="${application.url}" />	
	</bean>
	
	<bean id="signinService" class="org.springframework.social.showcase.signin.SpringSecuritySigninService" />
	
</beans>
