<?xml version="1.0" encoding="UTF-8"?>
<beans:beans xmlns="http://www.springframework.org/schema/mvc"
	xmlns:xsi="http://www.w3.org/2001/XMLSchema-instance"
	xmlns:beans="http://www.springframework.org/schema/beans"
	xsi:schemaLocation="
        http://www.springframework.org/schema/mvc http://www.springframework.org/schema/mvc/spring-mvc-3.1.xsd
        http://www.springframework.org/schema/beans http://www.springframework.org/schema/beans/spring-beans-3.1.xsd">

	<!-- DispatcherServlet Context: defines this servlet's request-processing infrastructure -->
	
	<!-- Enables the Spring MVC @Controller programming model -->
	<annotation-driven />

	<interceptors>
		<beans:bean class="org.springframework.social.showcase.ConnectedToHandlerInterceptor" />
	</interceptors>

	<!-- Handles HTTP GET requests for /resources/** by efficiently serving up static resources in the ${webappRoot}/resources directory -->
	<resources mapping="/resources/**" location="/resources/" />
	
	<!-- Maps view names to Tiles Definitions -->
	<beans:bean class="org.springframework.web.servlet.view.UrlBasedViewResolver">
		<beans:property name="viewClass" value="org.springframework.web.servlet.view.tiles2.TilesView" />
	</beans:bean>
	        
	<!-- Initializes the Apache Tiles CompositeView system -->
	<beans:bean id="tilesConfigurer" class="org.springframework.web.servlet.view.tiles2.TilesConfigurer">
		<beans:property name="definitions">
			<beans:value>/WEB-INF/layouts/tiles.xml,/WEB-INF/views/**/tiles.xml</beans:value>
		</beans:property>
		<beans:property name="checkRefresh" value="true" />
	</beans:bean>
	
	<!-- Imports user-defined @Controller beans that process client requests -->
	<beans:import resource="controllers.xml" />
	
	<!-- Configures External Property Resolution -->
	<beans:import resource="../properties.xml" />
	
</beans:beans>
