<?xml version="1.0" encoding="UTF-8"?>
<beans xmlns="http://www.springframework.org/schema/beans" 
	xmlns:xsi="http://www.w3.org/2001/XMLSchema-instance"
	xmlns:social="http://www.springframework.org/schema/spring-social"
	xsi:schemaLocation="http://www.springframework.org/schema/spring-social http://www.springframework.org/schema/social/spring-social-1.0.xsd
		http://www.springframework.org/schema/beans http://www.springframework.org/schema/beans/spring-beans-3.1.xsd">

	<bean id="usersServiceProviderConnectionRepository" class="org.springframework.social.connect.jdbc.JdbcMultiUserServiceProviderConnectionRepository">
		<constructor-arg ref="dataSource" />
		<constructor-arg ref="serviceProviderConnectionFactoryLocator" />
		<constructor-arg ref="textEncryptor" />
	</bean>
	
	<bean id="serviceProviderConnectionFactoryLocator" class="org.springframework.social.connect.support.MapServiceProviderConnectionFactoryRegistry">
		<property name="connectionFactories">
			<list>
				<bean class="org.springframework.social.twitter.connect.TwitterServiceProviderConnectionFactory">
					<constructor-arg value="${twitter.consumerKey}" />
					<constructor-arg value="${twitter.consumerSecret}" />				
				</bean>
				<bean class="org.springframework.social.facebook.connect.FacebookServiceProviderConnectionFactory">
					<constructor-arg value="${facebook.appId}" />
					<constructor-arg value="${facebook.appSecret}" />				
				</bean>
				<bean class="org.springframework.social.tripit.connect.TripItServiceProviderConnectionFactory">
					<constructor-arg value="${tripit.consumerKey}" />
					<constructor-arg value="${tripit.consumerSecret}" />				
				</bean>
				<bean class="org.springframework.social.linkedin.connect.LinkedInServiceProviderConnectionFactory">
					<constructor-arg value="${linkedin.consumerKey}" />
					<constructor-arg value="${linkedin.consumerSecret}" />
				</bean>
			</list>
		</property>
	</bean>

	<bean class="org.springframework.social.showcase.config.ServiceProviderConnectionRepositoryConfig" />
	
	<bean class="org.springframework.social.showcase.config.ServiceApisConfig" />
	
</beans>