<?xml version="1.0" encoding="UTF-8"?>
<beans xmlns="http://www.springframework.org/schema/beans"
	xmlns:xsi="http://www.w3.org/2001/XMLSchema-instance"
	xmlns:jdbc="http://www.springframework.org/schema/jdbc"
	xmlns:tx="http://www.springframework.org/schema/tx"
	xmlns:util="http://www.springframework.org/schema/util"
	xsi:schemaLocation="http://www.springframework.org/schema/beans http://www.springframework.org/schema/beans/spring-beans-3.0.xsd
		http://www.springframework.org/schema/jdbc http://www.springframework.org/schema/jdbc/spring-jdbc-3.0.xsd
		http://www.springframework.org/schema/tx http://www.springframework.org/schema/tx/spring-tx-3.0.xsd
		http://www.springframework.org/schema/util http://www.springframework.org/schema/util/spring-util-3.0.xsd">

	<!-- Configures transaction management around @Transactional components -->
	<tx:annotation-driven mode="aspectj" transaction-manager="transactionManager" />
		
	<!-- Local, JDBC-based TransactionManager -->
	<bean id="transactionManager" class="org.springframework.jdbc.datasource.DataSourceTransactionManager">
		<property name="dataSource" ref="dataSource" />
	</bean>

	<!-- Shared JDBC Data Access Template -->
	<bean id="jdbcTemplate" class="org.springframework.jdbc.core.JdbcTemplate">
		<constructor-arg ref="dataSource" />
	</bean>

	<jdbc:embedded-database id="dataSource" type="H2">
		<jdbc:script location="classpath:/org/springframework/social/connect/jdbc/JdbcMultiUserServiceProviderConnectionRepository.sql" />
		<jdbc:script location="classpath:/org/springframework/social/showcase/db/Account.sql" />
		<jdbc:script location="classpath:/org/springframework/social/showcase/db/data.sql" />
	</jdbc:embedded-database>	
	
</beans>