<?xml version="1.0" encoding="UTF-8"?>
<beans xmlns="http://www.springframework.org/schema/beans" xmlns:xsi="http://www.w3.org/2001/XMLSchema-instance"
				xmlns:context="http://www.springframework.org/schema/context"
				xmlns:util="http://www.springframework.org/schema/util"
				xsi:schemaLocation="http://www.springframework.org/schema/beans http://www.springframework.org/schema/beans/spring-beans-3.0.xsd
		http://www.springframework.org/schema/util http://www.springframework.org/schema/util/spring-util-3.0.xsd
		http://www.springframework.org/schema/context http://www.springframework.org/schema/context/spring-context-3.0.xsd">

	<context:property-placeholder properties-ref="defaultProperties" />
	
	<util:properties id="defaultProperties">
		<prop key="application.url">http://localhost:8080/spring-social-showcase</prop>
		<prop key="facebook.appId">0b754d95f9c9899b0d6c4454b6f2dde7</prop>
		<prop key="facebook.appSecret">fa8a9825f555a7a8949ec48fb93bda58</prop>
		<prop key="twitter.consumerKey">YR571S2JiVBOFyJS5MEg</prop>
		<prop key="twitter.consumerSecret">Kb8hS0luftwCJX3qVoyiLUMfZDtK1EozFoUkjNLUMx4</prop>
		<prop key="tripit.consumerKey">ee68437fbf8f42315a1b1ebe5a2a3009bd3f5cf9</prop>
		<prop key="tripit.consumerSecret">6b3cf4d183cc02076d068eea91080ca0bf666336</prop>
		<prop key="linkedin.consumerKey"></prop>
		<prop key="linkedin.consumerSecret"></prop>
	</util:properties>
	
</beans>
