<?xml version="1.0" encoding="UTF-8"?>
<beans:beans xmlns="http://www.springframework.org/schema/security"
	xmlns:xsi="http://www.w3.org/2001/XMLSchema-instance"
	xmlns:beans="http://www.springframework.org/schema/beans"
	xsi:schemaLocation="http://www.springframework.org/schema/security http://www.springframework.org/schema/security/spring-security-3.1.xsd
		http://www.springframework.org/schema/beans http://www.springframework.org/schema/beans/spring-beans-3.1.xsd">

	<http use-expressions="true">
		<!-- Authentication policy -->
		<form-login login-page="/signin" login-processing-url="/signin/authenticate" />
		<logout logout-url="/signout" delete-cookies="JSESSIONID" />
		<intercept-url pattern="/favicon.ico" access="permitAll" />
		<intercept-url pattern="/resources/**" access="permitAll" />
		<intercept-url pattern="/signin/**" access="permitAll" />
		<intercept-url pattern="/signup/**" access="permitAll" />
		<intercept-url pattern="/**" access="isAuthenticated()"  />
	</http>

	<authentication-manager alias="authenticationManager">
        <authentication-provider>
			<password-encoder ref="passwordEncoder" />
        	<jdbc-user-service data-source-ref="dataSource" 
        					   users-by-username-query="select username, password, true from Account where username = ?"
        					   authorities-by-username-query="select username, 'ROLE_USER' from Account where username = ?"/>
        </authentication-provider>
	</authentication-manager>

	<beans:bean id="passwordEncoder" class="org.springframework.security.authentication.encoding.PlaintextPasswordEncoder" />
	
	<beans:bean id="textEncryptor" class="org.springframework.security.crypto.encrypt.Encryptors" factory-method="noOpText" />

</beans:beans>