<?xml version="1.0" encoding="UTF-8"?>
<beans xmlns="http://www.springframework.org/schema/beans" 
	xmlns:xsi="http://www.w3.org/2001/XMLSchema-instance"
	xmlns:social="http://www.springframework.org/schema/spring-social"
	xsi:schemaLocation="http://www.springframework.org/schema/spring-social http://www.springframework.org/schema/social/spring-social-1.0.xsd
		http://www.springframework.org/schema/beans http://www.springframework.org/schema/beans/spring-beans-3.1.xsd">

	<!-- Configure a connection repository through which account-to-provider connections will be stored -->	
	<bean id="connectionRepository" class="org.springframework.social.connect.jdbc.JdbcConnectionRepository">
		<constructor-arg ref="dataSource" />
		<constructor-arg ref="stringEncryptor" />
	</bean>
		
	<!-- Configure a Twitter service provider -->
	<bean id="twitter" class="org.springframework.social.showcase.twitter.Twitter4JServiceProvider">
		<constructor-arg value="${twitter.consumerKey}" />
		<constructor-arg value="${twitter.consumerSecret}" />
		<constructor-arg ref="connectionRepository" />
	</bean>

</beans>