<?xml version="1.0" encoding="UTF-8"?>
<beans xmlns="http://www.springframework.org/schema/beans" xmlns:xsi="http://www.w3.org/2001/XMLSchema-instance"
				xmlns:context="http://www.springframework.org/schema/context"
				xmlns:util="http://www.springframework.org/schema/util"
				xsi:schemaLocation="http://www.springframework.org/schema/beans http://www.springframework.org/schema/beans/spring-beans-3.0.xsd
		http://www.springframework.org/schema/util http://www.springframework.org/schema/util/spring-util-3.0.xsd
		http://www.springframework.org/schema/context http://www.springframework.org/schema/context/spring-context-3.0.xsd">

	<context:property-placeholder properties-ref="defaultProperties" />
	
	<util:properties id="defaultProperties">
		<prop key="application.url">http://localhost:8080/spring-social-movies</prop>
		<prop key="netflix.consumerKey">qvxmshk3jmthe7t2hzggfs65</prop>
		<prop key="netflix.consumerSecret">KmXEUfjBzn</prop>
	</util:properties>
</beans>
